node_code;node_type;wlan_code;x(m);y(m);z(m);central_freq(GHz);channel_bonding_model;primary_channel;min_channel_allowed;max_channel_allowed;tpc_default(dBm);cca_default(dBm);traffic_model;traffic_load[pkt/s];packet_length;num_packets_aggregated;capture_effect_model;capture_effect_thr;constant_per;pifs_activated;cw_adaptation;cont_wind;cont_wind_stage
AP_A;0;A;2.5;2.5;55.1076;2.4;4;0;0;1;20;-82;99;10000.0;12000;64;0;10;0.0;0;0;16;5
STA_A1;1;A;81.8327;-38.0626;46.7835;2.4;4;0;0;1;20;-82;99;10000.0;12000;64;0;10;0.0;0;0;16;5
STA_A2;1;A;29.3876;65.9603;12.8056;2.4;4;0;0;1;20;-82;99;10000.0;12000;64;0;10;0.0;0;0;16;5
STA_A3;1;A;24.5113;-84.4368;29.8053;2.4;4;0;0;1;20;-82;99;10000.0;12000;64;0;10;0.0;0;0;16;5
STA_A4;1;A;-7.9566;3.0427;79.9386;2.4;4;0;0;1;20;-82;99;10000.0;12000;64;0;10;0.0;0;0;16;5
STA_A5;1;A;53.4437;-63.8646;90.6548;2.4;4;0;0;1;20;-82;99;10000.0;12000;64;0;10;0.0;0;0;16;5
STA_A6;1;A;-27.7307;18.5379;36.2799;2.4;4;0;0;1;20;-82;99;10000.0;12000;64;0;10;0.0;0;0;16;5
STA_A7;1;A;-25.7344;-8.2923;55.4185;2.4;4;0;0;1;20;-82;99;10000.0;12000;64;0;10;0.0;0;0;16;5
STA_A8;1;A;-16.8855;-20.8594;29.4517;2.4;4;0;0;1;20;-82;99;10000.0;12000;64;0;10;0.0;0;0;16;5
STA_A9;1;A;91.0879;2.2477;32.1696;2.4;4;0;0;1;20;-82;99;10000.0;12000;64;0;10;0.0;0;0;16;5
AP_B;0;B;7.5;2.5;4.7246;2.4;4;0;0;1;20;-82;99;10000.0;12000;64;0;10;0.0;0;0;16;5
STA_B1;1;B;11.806;24.6161;85.5093;2.4;4;0;0;1;20;-82;99;10000.0;12000;64;0;10;0.0;0;0;16;5
STA_B2;1;B;61.0685;-7.4358;35.8752;2.4;4;0;0;1;20;-82;99;10000.0;12000;64;0;10;0.0;0;0;16;5
STA_B3;1;B;-1.3167;91.6649;95.6263;2.4;4;0;0;1;20;-82;99;10000.0;12000;64;0;10;0.0;0;0;16;5
STA_B4;1;B;41.9379;71.5908;60.4278;2.4;4;0;0;1;20;-82;99;10000.0;12000;64;0;10;0.0;0;0;16;5
STA_B5;1;B;-23.1126;-29.5068;58.9117;2.4;4;0;0;1;20;-82;99;10000.0;12000;64;0;10;0.0;0;0;16;5
STA_B6;1;B;4.2783;-71.5231;74.9708;2.4;4;0;0;1;20;-82;99;10000.0;12000;64;0;10;0.0;0;0;16;5
STA_B7;1;B;41.939;13.8977;68.239;2.4;4;0;0;1;20;-82;99;10000.0;12000;64;0;10;0.0;0;0;16;5
STA_B8;1;B;-47.9131;19.8583;82.2527;2.4;4;0;0;1;20;-82;99;10000.0;12000;64;0;10;0.0;0;0;16;5
STA_B9;1;B;56.9712;-43.0401;90.8565;2.4;4;0;0;1;20;-82;99;10000.0;12000;64;0;10;0.0;0;0;16;5
AP_C;0;C;12.5;2.5;74.2637;2.4;4;0;0;7;20;-82;99;10000.0;12000;64;0;10;0.0;0;0;16;5
STA_C1;1;C;-7.4605;-56.1202;26.1468;2.4;4;0;0;7;20;-82;99;10000.0;12000;64;0;10;0.0;0;0;16;5
STA_C2;1;C;-70.0331;10.2973;91.4233;2.4;4;0;0;7;20;-82;99;10000.0;12000;64;0;10;0.0;0;0;16;5
STA_C3;1;C;47.9721;33.134;22.4251;2.4;4;0;0;7;20;-82;99;10000.0;12000;64;0;10;0.0;0;0;16;5
STA_C4;1;C;-25.1557;39.8641;36.1144;2.4;4;0;0;7;20;-82;99;10000.0;12000;64;0;10;0.0;0;0;16;5
STA_C5;1;C;-0.2349;15.6028;73.5274;2.4;4;0;0;7;20;-82;99;10000.0;12000;64;0;10;0.0;0;0;16;5
STA_C6;1;C;-44.134;-62.7908;32.3589;2.4;4;0;0;7;20;-82;99;10000.0;12000;64;0;10;0.0;0;0;16;5
STA_C7;1;C;37.4886;-66.6778;43.9918;2.4;4;0;0;7;20;-82;99;10000.0;12000;64;0;10;0.0;0;0;16;5
STA_C8;1;C;80.2683;13.9533;62.7219;2.4;4;0;0;7;20;-82;99;10000.0;12000;64;0;10;0.0;0;0;16;5
STA_C9;1;C;31.1781;69.9909;62.5101;2.4;4;0;0;7;20;-82;99;10000.0;12000;64;0;10;0.0;0;0;16;5
STA_C10;1;C;60.2425;-63.2243;59.9334;2.4;4;0;0;7;20;-82;99;10000.0;12000;64;0;10;0.0;0;0;16;5
STA_C11;1;C;88.3957;19.9953;98.5067;2.4;4;0;0;7;20;-82;99;10000.0;12000;64;0;10;0.0;0;0;16;5
STA_C12;1;C;26.4762;1.8325;27.9231;2.4;4;0;0;7;20;-82;99;10000.0;12000;64;0;10;0.0;0;0;16;5
STA_C13;1;C;16.9852;-47.749;77.1936;2.4;4;0;0;7;20;-82;99;10000.0;12000;64;0;10;0.0;0;0;16;5
STA_C14;1;C;32.0448;-40.4116;86.1684;2.4;4;0;0;7;20;-82;99;10000.0;12000;64;0;10;0.0;0;0;16;5
STA_C15;1;C;43.1558;-53.2267;15.3139;2.4;4;0;0;7;20;-82;99;10000.0;12000;64;0;10;0.0;0;0;16;5
STA_C16;1;C;56.6195;-70.9645;14.7947;2.4;4;0;0;7;20;-82;99;10000.0;12000;64;0;10;0.0;0;0;16;5
STA_C17;1;C;80.3789;23.3733;67.3161;2.4;4;0;0;7;20;-82;99;10000.0;12000;64;0;10;0.0;0;0;16;5
AP_D;0;D;17.5;2.5;52.5033;2.4;4;0;0;7;20;-82;99;10000.0;12000;64;0;10;0.0;0;0;16;5
STA_D1;1;D;-46.5554;-39.9485;41.5444;2.4;4;0;0;7;20;-82;99;10000.0;12000;64;0;10;0.0;0;0;16;5
STA_D2;1;D;-17.9048;84.3972;27.1449;2.4;4;0;0;7;20;-82;99;10000.0;12000;64;0;10;0.0;0;0;16;5
STA_D3;1;D;-42.9698;-29.1215;40.0346;2.4;4;0;0;7;20;-82;99;10000.0;12000;64;0;10;0.0;0;0;16;5
STA_D4;1;D;56.9748;-6.6184;65.8459;2.4;4;0;0;7;20;-82;99;10000.0;12000;64;0;10;0.0;0;0;16;5
STA_D5;1;D;75.8134;29.2269;53.0131;2.4;4;0;0;7;20;-82;99;10000.0;12000;64;0;10;0.0;0;0;16;5
STA_D6;1;D;46.1663;-55.8552;95.6191;2.4;4;0;0;7;20;-82;99;10000.0;12000;64;0;10;0.0;0;0;16;5
STA_D7;1;D;3.8241;72.9632;36.908;2.4;4;0;0;7;20;-82;99;10000.0;12000;64;0;10;0.0;0;0;16;5
STA_D8;1;D;72.7551;-62.7258;11.5086;2.4;4;0;0;7;20;-82;99;10000.0;12000;64;0;10;0.0;0;0;16;5
STA_D9;1;D;-50.977;-5.8287;8.1458;2.4;4;0;0;7;20;-82;99;10000.0;12000;64;0;10;0.0;0;0;16;5
STA_D10;1;D;-62.2445;-27.6496;26.2245;2.4;4;0;0;7;20;-82;99;10000.0;12000;64;0;10;0.0;0;0;16;5
STA_D11;1;D;23.1311;23.3681;15.5133;2.4;4;0;0;7;20;-82;99;10000.0;12000;64;0;10;0.0;0;0;16;5
STA_D12;1;D;40.6156;-13.7379;5.7482;2.4;4;0;0;7;20;-82;99;10000.0;12000;64;0;10;0.0;0;0;16;5
STA_D13;1;D;18.7141;58.7386;34.4395;2.4;4;0;0;7;20;-82;99;10000.0;12000;64;0;10;0.0;0;0;16;5
AP_E;0;E;22.5;2.5;54.9026;2.4;4;0;0;3;20;-82;99;10000.0;12000;64;0;10;0.0;0;0;16;5
STA_E1;1;E;59.377;12.7233;83.9556;2.4;4;0;0;3;20;-82;99;10000.0;12000;64;0;10;0.0;0;0;16;5
STA_E2;1;E;35.6471;-1.0852;90.3807;2.4;4;0;0;3;20;-82;99;10000.0;12000;64;0;10;0.0;0;0;16;5
STA_E3;1;E;60.9611;-60.4762;74.6268;2.4;4;0;0;3;20;-82;99;10000.0;12000;64;0;10;0.0;0;0;16;5
STA_E4;1;E;31.4823;-13.6251;18.3976;2.4;4;0;0;3;20;-82;99;10000.0;12000;64;0;10;0.0;0;0;16;5
STA_E5;1;E;69.3357;-10.7744;76.5091;2.4;4;0;0;3;20;-82;99;10000.0;12000;64;0;10;0.0;0;0;16;5
STA_E6;1;E;85.2343;66.1014;80.3565;2.4;4;0;0;3;20;-82;99;10000.0;12000;64;0;10;0.0;0;0;16;5
STA_E7;1;E;50.0948;78.6213;82.5955;2.4;4;0;0;3;20;-82;99;10000.0;12000;64;0;10;0.0;0;0;16;5
STA_E8;1;E;34.1237;66.6039;78.445;2.4;4;0;0;3;20;-82;99;10000.0;12000;64;0;10;0.0;0;0;16;5
AP_F;0;F;27.5;2.5;15.1343;2.4;4;6;6;7;20;-82;99;10000.0;12000;64;0;10;0.0;0;0;16;5
STA_F1;1;F;87.806;10.1911;29.0136;2.4;4;6;6;7;20;-82;99;10000.0;12000;64;0;10;0.0;0;0;16;5
STA_F2;1;F;-53.0068;17.3037;20.482;2.4;4;6;6;7;20;-82;99;10000.0;12000;64;0;10;0.0;0;0;16;5
STA_F3;1;F;97.9929;-24.5373;31.9644;2.4;4;6;6;7;20;-82;99;10000.0;12000;64;0;10;0.0;0;0;16;5
STA_F4;1;F;-29.1221;-4.4209;70.6753;2.4;4;6;6;7;20;-82;99;10000.0;12000;64;0;10;0.0;0;0;16;5
STA_F5;1;F;71.0229;-10.1898;69.0078;2.4;4;6;6;7;20;-82;99;10000.0;12000;64;0;10;0.0;0;0;16;5
STA_F6;1;F;-25.8388;-38.1044;63.3684;2.4;4;6;6;7;20;-82;99;10000.0;12000;64;0;10;0.0;0;0;16;5
STA_F7;1;F;-35.3799;-46.2979;89.5026;2.4;4;6;6;7;20;-82;99;10000.0;12000;64;0;10;0.0;0;0;16;5
STA_F8;1;F;-23.0722;42.7021;5.8404;2.4;4;6;6;7;20;-82;99;10000.0;12000;64;0;10;0.0;0;0;16;5
STA_F9;1;F;60.0169;30.7857;98.939;2.4;4;6;6;7;20;-82;99;10000.0;12000;64;0;10;0.0;0;0;16;5
STA_F10;1;F;2.6145;55.5137;53.0842;2.4;4;6;6;7;20;-82;99;10000.0;12000;64;0;10;0.0;0;0;16;5
STA_F11;1;F;2.5608;-69.4162;63.439;2.4;4;6;6;7;20;-82;99;10000.0;12000;64;0;10;0.0;0;0;16;5
STA_F12;1;F;42.8665;-30.7944;35.8624;2.4;4;6;6;7;20;-82;99;10000.0;12000;64;0;10;0.0;0;0;16;5
STA_F13;1;F;19.0697;-65.7106;76.5683;2.4;4;6;6;7;20;-82;99;10000.0;12000;64;0;10;0.0;0;0;16;5
AP_G;0;G;32.5;2.5;60.8369;2.4;4;0;0;7;20;-82;99;10000.0;12000;64;0;10;0.0;0;0;16;5
STA_G1;1;G;-1.3265;22.7314;61.9858;2.4;4;0;0;7;20;-82;99;10000.0;12000;64;0;10;0.0;0;0;16;5
STA_G2;1;G;105.0777;47.5736;51.9166;2.4;4;0;0;7;20;-82;99;10000.0;12000;64;0;10;0.0;0;0;16;5
STA_G3;1;G;35.6021;91.4403;95.5913;2.4;4;0;0;7;20;-82;99;10000.0;12000;64;0;10;0.0;0;0;16;5
STA_G4;1;G;-45.0159;5.6131;56.9334;2.4;4;0;0;7;20;-82;99;10000.0;12000;64;0;10;0.0;0;0;16;5
STA_G5;1;G;49.4395;68.7387;81.906;2.4;4;0;0;7;20;-82;99;10000.0;12000;64;0;10;0.0;0;0;16;5
STA_G6;1;G;68.5685;9.421;25.5015;2.4;4;0;0;7;20;-82;99;10000.0;12000;64;0;10;0.0;0;0;16;5
STA_G7;1;G;7.5871;-80.4927;41.4085;2.4;4;0;0;7;20;-82;99;10000.0;12000;64;0;10;0.0;0;0;16;5
STA_G8;1;G;38.4708;-41.3429;97.974;2.4;4;0;0;7;20;-82;99;10000.0;12000;64;0;10;0.0;0;0;16;5
STA_G9;1;G;-39.8449;19.114;59.1689;2.4;4;0;0;7;20;-82;99;10000.0;12000;64;0;10;0.0;0;0;16;5
STA_G10;1;G;-48.4313;39.5934;47.7532;2.4;4;0;0;7;20;-82;99;10000.0;12000;64;0;10;0.0;0;0;16;5
STA_G11;1;G;52.581;-58.6305;67.3324;2.4;4;0;0;7;20;-82;99;10000.0;12000;64;0;10;0.0;0;0;16;5
STA_G12;1;G;-15.3888;-36.2689;42.2704;2.4;4;0;0;7;20;-82;99;10000.0;12000;64;0;10;0.0;0;0;16;5
AP_H;0;H;37.5;2.5;36.17;2.4;4;0;0;3;20;-82;99;10000.0;12000;64;0;10;0.0;0;0;16;5
STA_H1;1;H;42.1735;16.3599;44.4763;2.4;4;0;0;3;20;-82;99;10000.0;12000;64;0;10;0.0;0;0;16;5
STA_H2;1;H;-12.0532;10.6372;9.9716;2.4;4;0;0;3;20;-82;99;10000.0;12000;64;0;10;0.0;0;0;16;5
STA_H3;1;H;-32.2075;58.9696;81.3809;2.4;4;0;0;3;20;-82;99;10000.0;12000;64;0;10;0.0;0;0;16;5
STA_H4;1;H;35.5984;-39.0351;65.0927;2.4;4;0;0;3;20;-82;99;10000.0;12000;64;0;10;0.0;0;0;16;5
STA_H5;1;H;69.9953;-32.3328;7.454;2.4;4;0;0;3;20;-82;99;10000.0;12000;64;0;10;0.0;0;0;16;5
STA_H6;1;H;36.7899;-56.9693;27.4993;2.4;4;0;0;3;20;-82;99;10000.0;12000;64;0;10;0.0;0;0;16;5
STA_H7;1;H;34.8889;-26.0318;81.678;2.4;4;0;0;3;20;-82;99;10000.0;12000;64;0;10;0.0;0;0;16;5
STA_H8;1;H;49.2446;-68.1801;65.9229;2.4;4;0;0;3;20;-82;99;10000.0;12000;64;0;10;0.0;0;0;16;5
STA_H9;1;H;-43.0054;-34.3471;28.7107;2.4;4;0;0;3;20;-82;99;10000.0;12000;64;0;10;0.0;0;0;16;5
STA_H10;1;H;10.089;-39.1003;32.9401;2.4;4;0;0;3;20;-82;99;10000.0;12000;64;0;10;0.0;0;0;16;5
STA_H11;1;H;-40.358;17.3921;77.7365;2.4;4;0;0;3;20;-82;99;10000.0;12000;64;0;10;0.0;0;0;16;5
STA_H12;1;H;-26.8537;-16.3588;69.6457;2.4;4;0;0;3;20;-82;99;10000.0;12000;64;0;10;0.0;0;0;16;5
STA_H13;1;H;86.079;-59.2809;14.4769;2.4;4;0;0;3;20;-82;99;10000.0;12000;64;0;10;0.0;0;0;16;5
STA_H14;1;H;10.1266;-61.3784;18.4675;2.4;4;0;0;3;20;-82;99;10000.0;12000;64;0;10;0.0;0;0;16;5
STA_H15;1;H;-14.5117;-47.065;30.1526;2.4;4;0;0;3;20;-82;99;10000.0;12000;64;0;10;0.0;0;0;16;5
STA_H16;1;H;-9.1136;64.1662;37.3948;2.4;4;0;0;3;20;-82;99;10000.0;12000;64;0;10;0.0;0;0;16;5
STA_H17;1;H;49.4851;35.9758;85.7625;2.4;4;0;0;3;20;-82;99;10000.0;12000;64;0;10;0.0;0;0;16;5
STA_H18;1;H;-10.6314;7.5717;3.143;2.4;4;0;0;3;20;-82;99;10000.0;12000;64;0;10;0.0;0;0;16;5
AP_I;0;I;42.5;2.5;51.9949;2.4;4;4;4;5;20;-82;99;10000.0;12000;64;0;10;0.0;0;0;16;5
STA_I1;1;I;54.595;16.0897;92.7748;2.4;4;4;4;5;20;-82;99;10000.0;12000;64;0;10;0.0;0;0;16;5
STA_I2;1;I;7.5206;59.3549;72.0964;2.4;4;4;4;5;20;-82;99;10000.0;12000;64;0;10;0.0;0;0;16;5
STA_I3;1;I;-40.3809;-21.1466;39.6733;2.4;4;4;4;5;20;-82;99;10000.0;12000;64;0;10;0.0;0;0;16;5
STA_I4;1;I;15.0527;50.2313;9.4946;2.4;4;4;4;5;20;-82;99;10000.0;12000;64;0;10;0.0;0;0;16;5
STA_I5;1;I;-24.0122;27.2773;98.0531;2.4;4;4;4;5;20;-82;99;10000.0;12000;64;0;10;0.0;0;0;16;5
STA_I6;1;I;83.5484;64.2212;3.1603;2.4;4;4;4;5;20;-82;99;10000.0;12000;64;0;10;0.0;0;0;16;5
STA_I7;1;I;40.6256;-27.3312;46.9857;2.4;4;4;4;5;20;-82;99;10000.0;12000;64;0;10;0.0;0;0;16;5
STA_I8;1;I;22.3345;-36.4554;9.9581;2.4;4;4;4;5;20;-82;99;10000.0;12000;64;0;10;0.0;0;0;16;5
STA_I9;1;I;84.7813;-73.6163;95.0758;2.4;4;4;4;5;20;-82;99;10000.0;12000;64;0;10;0.0;0;0;16;5
STA_I10;1;I;62.0864;-75.1894;46.0466;2.4;4;4;4;5;20;-82;99;10000.0;12000;64;0;10;0.0;0;0;16;5
STA_I11;1;I;-20.9979;-19.7629;10.442;2.4;4;4;4;5;20;-82;99;10000.0;12000;64;0;10;0.0;0;0;16;5
STA_I12;1;I;103.3535;-34.9042;68.3876;2.4;4;4;4;5;20;-82;99;10000.0;12000;64;0;10;0.0;0;0;16;5
STA_I13;1;I;3.7957;-61.9867;51.7029;2.4;4;4;4;5;20;-82;99;10000.0;12000;64;0;10;0.0;0;0;16;5
AP_J;0;J;47.5;2.5;60.9086;2.4;4;0;0;3;20;-82;99;10000.0;12000;64;0;10;0.0;0;0;16;5
STA_J1;1;J;82.1291;-67.2259;77.9007;2.4;4;0;0;3;20;-82;99;10000.0;12000;64;0;10;0.0;0;0;16;5
STA_J2;1;J;80.5228;-4.6667;7.7543;2.4;4;0;0;3;20;-82;99;10000.0;12000;64;0;10;0.0;0;0;16;5
STA_J3;1;J;-2.1622;-65.315;55.7736;2.4;4;0;0;3;20;-82;99;10000.0;12000;64;0;10;0.0;0;0;16;5
STA_J4;1;J;57.6291;-32.6147;89.5376;2.4;4;0;0;3;20;-82;99;10000.0;12000;64;0;10;0.0;0;0;16;5
STA_J5;1;J;-24.4117;55.9271;16.356;2.4;4;0;0;3;20;-82;99;10000.0;12000;64;0;10;0.0;0;0;16;5
STA_J6;1;J;15.1598;43.0506;55.3807;2.4;4;0;0;3;20;-82;99;10000.0;12000;64;0;10;0.0;0;0;16;5
STA_J7;1;J;88.5432;10.8692;53.6449;2.4;4;0;0;3;20;-82;99;10000.0;12000;64;0;10;0.0;0;0;16;5
STA_J8;1;J;66.3628;-27.7173;9.1233;2.4;4;0;0;3;20;-82;99;10000.0;12000;64;0;10;0.0;0;0;16;5
STA_J9;1;J;110.5375;17.9727;82.322;2.4;4;0;0;3;20;-82;99;10000.0;12000;64;0;10;0.0;0;0;16;5
STA_J10;1;J;100.2895;10.6475;93.3697;2.4;4;0;0;3;20;-82;99;10000.0;12000;64;0;10;0.0;0;0;16;5
AP_K;0;K;2.5;7.5;4.3172;2.4;4;0;0;7;20;-82;99;10000.0;12000;64;0;10;0.0;0;0;16;5
STA_K1;1;K;-54.5624;-31.3029;35.0407;2.4;4;0;0;7;20;-82;99;10000.0;12000;64;0;10;0.0;0;0;16;5
STA_K2;1;K;63.0124;-24.5938;14.1493;2.4;4;0;0;7;20;-82;99;10000.0;12000;64;0;10;0.0;0;0;16;5
STA_K3;1;K;-72.5454;28.7483;50.6451;2.4;4;0;0;7;20;-82;99;10000.0;12000;64;0;10;0.0;0;0;16;5
STA_K4;1;K;37.6122;-22.0098;29.6329;2.4;4;0;0;7;20;-82;99;10000.0;12000;64;0;10;0.0;0;0;16;5
STA_K5;1;K;43.2997;15.2317;6.4468;2.4;4;0;0;7;20;-82;99;10000.0;12000;64;0;10;0.0;0;0;16;5
STA_K6;1;K;69.8191;42.2902;34.3423;2.4;4;0;0;7;20;-82;99;10000.0;12000;64;0;10;0.0;0;0;16;5
STA_K7;1;K;61.5382;68.2623;36.5508;2.4;4;0;0;7;20;-82;99;10000.0;12000;64;0;10;0.0;0;0;16;5
STA_K8;1;K;-45.7035;-37.4383;26.0213;2.4;4;0;0;7;20;-82;99;10000.0;12000;64;0;10;0.0;0;0;16;5
STA_K9;1;K;30.4069;37.6299;34.0337;2.4;4;0;0;7;20;-82;99;10000.0;12000;64;0;10;0.0;0;0;16;5
STA_K10;1;K;38.6312;-65.0943;89.2292;2.4;4;0;0;7;20;-82;99;10000.0;12000;64;0;10;0.0;0;0;16;5
STA_K11;1;K;57.5387;-61.7053;86.5854;2.4;4;0;0;7;20;-82;99;10000.0;12000;64;0;10;0.0;0;0;16;5
STA_K12;1;K;28.3539;50.8613;20.1496;2.4;4;0;0;7;20;-82;99;10000.0;12000;64;0;10;0.0;0;0;16;5
STA_K13;1;K;3.5385;45.5931;32.8616;2.4;4;0;0;7;20;-82;99;10000.0;12000;64;0;10;0.0;0;0;16;5
STA_K14;1;K;70.5587;13.6308;60.3884;2.4;4;0;0;7;20;-82;99;10000.0;12000;64;0;10;0.0;0;0;16;5
STA_K15;1;K;-6.2815;-29.8761;49.3154;2.4;4;0;0;7;20;-82;99;10000.0;12000;64;0;10;0.0;0;0;16;5
AP_L;0;L;7.5;7.5;70.4609;2.4;4;2;2;3;20;-82;99;10000.0;12000;64;0;10;0.0;0;0;16;5
STA_L1;1;L;22.9874;88.581;32.8207;2.4;4;2;2;3;20;-82;99;10000.0;12000;64;0;10;0.0;0;0;16;5
STA_L2;1;L;5.1208;-56.222;99.3345;2.4;4;2;2;3;20;-82;99;10000.0;12000;64;0;10;0.0;0;0;16;5
STA_L3;1;L;-2.5161;-75.4806;23.2033;2.4;4;2;2;3;20;-82;99;10000.0;12000;64;0;10;0.0;0;0;16;5
STA_L4;1;L;-39.1083;-24.9575;94.4958;2.4;4;2;2;3;20;-82;99;10000.0;12000;64;0;10;0.0;0;0;16;5
STA_L5;1;L;-29.336;20.7777;95.323;2.4;4;2;2;3;20;-82;99;10000.0;12000;64;0;10;0.0;0;0;16;5
STA_L6;1;L;-58.3183;42.7203;35.7474;2.4;4;2;2;3;20;-82;99;10000.0;12000;64;0;10;0.0;0;0;16;5
STA_L7;1;L;31.9938;-46.8694;78.342;2.4;4;2;2;3;20;-82;99;10000.0;12000;64;0;10;0.0;0;0;16;5
STA_L8;1;L;-79.3304;29.5591;36.7786;2.4;4;2;2;3;20;-82;99;10000.0;12000;64;0;10;0.0;0;0;16;5
STA_L9;1;L;20.037;-63.8977;94.6184;2.4;4;2;2;3;20;-82;99;10000.0;12000;64;0;10;0.0;0;0;16;5
STA_L10;1;L;3.6913;-71.125;75.745;2.4;4;2;2;3;20;-82;99;10000.0;12000;64;0;10;0.0;0;0;16;5
STA_L11;1;L;-2.0612;89.1822;88.9209;2.4;4;2;2;3;20;-82;99;10000.0;12000;64;0;10;0.0;0;0;16;5
STA_L12;1;L;0.4767;12.5283;31.7741;2.4;4;2;2;3;20;-82;99;10000.0;12000;64;0;10;0.0;0;0;16;5
AP_M;0;M;12.5;7.5;66.7165;2.4;4;2;2;3;20;-82;99;10000.0;12000;64;0;10;0.0;0;0;16;5
STA_M1;1;M;66.0749;56.2318;89.7991;2.4;4;2;2;3;20;-82;99;10000.0;12000;64;0;10;0.0;0;0;16;5
STA_M2;1;M;49.7875;86.0187;90.0731;2.4;4;2;2;3;20;-82;99;10000.0;12000;64;0;10;0.0;0;0;16;5
STA_M3;1;M;5.9751;38.4243;57.7608;2.4;4;2;2;3;20;-82;99;10000.0;12000;64;0;10;0.0;0;0;16;5
STA_M4;1;M;28.9522;14.3861;19.1727;2.4;4;2;2;3;20;-82;99;10000.0;12000;64;0;10;0.0;0;0;16;5
STA_M5;1;M;20.3048;-54.6468;63.7068;2.4;4;2;2;3;20;-82;99;10000.0;12000;64;0;10;0.0;0;0;16;5
STA_M6;1;M;78.1661;6.2079;28.496;2.4;4;2;2;3;20;-82;99;10000.0;12000;64;0;10;0.0;0;0;16;5
STA_M7;1;M;19.7307;-65.4408;21.8222;2.4;4;2;2;3;20;-82;99;10000.0;12000;64;0;10;0.0;0;0;16;5
STA_M8;1;M;55.3677;-19.3574;76.3176;2.4;4;2;2;3;20;-82;99;10000.0;12000;64;0;10;0.0;0;0;16;5
STA_M9;1;M;71.7598;15.9535;47.9166;2.4;4;2;2;3;20;-82;99;10000.0;12000;64;0;10;0.0;0;0;16;5
STA_M10;1;M;20.703;49.4089;65.9517;2.4;4;2;2;3;20;-82;99;10000.0;12000;64;0;10;0.0;0;0;16;5
STA_M11;1;M;-7.8341;-47.179;67.4165;2.4;4;2;2;3;20;-82;99;10000.0;12000;64;0;10;0.0;0;0;16;5
STA_M12;1;M;27.7107;-73.37;98.5618;2.4;4;2;2;3;20;-82;99;10000.0;12000;64;0;10;0.0;0;0;16;5
STA_M13;1;M;28.4914;-14.9284;40.5124;2.4;4;2;2;3;20;-82;99;10000.0;12000;64;0;10;0.0;0;0;16;5
STA_M14;1;M;84.2037;21.3241;20.7072;2.4;4;2;2;3;20;-82;99;10000.0;12000;64;0;10;0.0;0;0;16;5
STA_M15;1;M;11.5478;-73.477;21.7264;2.4;4;2;2;3;20;-82;99;10000.0;12000;64;0;10;0.0;0;0;16;5
STA_M16;1;M;22.4022;85.4256;6.6176;2.4;4;2;2;3;20;-82;99;10000.0;12000;64;0;10;0.0;0;0;16;5
STA_M17;1;M;33.5415;77.5661;92.6225;2.4;4;2;2;3;20;-82;99;10000.0;12000;64;0;10;0.0;0;0;16;5
STA_M18;1;M;54.0139;6.8519;57.4763;2.4;4;2;2;3;20;-82;99;10000.0;12000;64;0;10;0.0;0;0;16;5
STA_M19;1;M;48.3853;23.0424;5.8279;2.4;4;2;2;3;20;-82;99;10000.0;12000;64;0;10;0.0;0;0;16;5
STA_M20;1;M;99.5595;-14.5691;30.7427;2.4;4;2;2;3;20;-82;99;10000.0;12000;64;0;10;0.0;0;0;16;5
AP_N;0;N;17.5;7.5;24.6601;2.4;4;0;0;1;20;-82;99;10000.0;12000;64;0;10;0.0;0;0;16;5
STA_N1;1;N;82.4544;27.2663;91.9176;2.4;4;0;0;1;20;-82;99;10000.0;12000;64;0;10;0.0;0;0;16;5
STA_N2;1;N;43.3796;65.5962;63.6345;2.4;4;0;0;1;20;-82;99;10000.0;12000;64;0;10;0.0;0;0;16;5
STA_N3;1;N;71.5934;17.6166;85.477;2.4;4;0;0;1;20;-82;99;10000.0;12000;64;0;10;0.0;0;0;16;5
STA_N4;1;N;58.3821;-64.0648;85.9569;2.4;4;0;0;1;20;-82;99;10000.0;12000;64;0;10;0.0;0;0;16;5
STA_N5;1;N;-12.6454;-69.8097;75.5367;2.4;4;0;0;1;20;-82;99;10000.0;12000;64;0;10;0.0;0;0;16;5
STA_N6;1;N;-33.4517;72.1245;69.0064;2.4;4;0;0;1;20;-82;99;10000.0;12000;64;0;10;0.0;0;0;16;5
STA_N7;1;N;8.7647;-57.1572;99.3038;2.4;4;0;0;1;20;-82;99;10000.0;12000;64;0;10;0.0;0;0;16;5
STA_N8;1;N;71.7167;22.9161;84.9463;2.4;4;0;0;1;20;-82;99;10000.0;12000;64;0;10;0.0;0;0;16;5
STA_N9;1;N;-12.6064;86.7768;24.4627;2.4;4;0;0;1;20;-82;99;10000.0;12000;64;0;10;0.0;0;0;16;5
AP_O;0;O;22.5;7.5;65.6534;2.4;4;0;0;7;20;-82;99;10000.0;12000;64;0;10;0.0;0;0;16;5
STA_O1;1;O;-47.0939;-2.4135;10.75;2.4;4;0;0;7;20;-82;99;10000.0;12000;64;0;10;0.0;0;0;16;5
STA_O2;1;O;107.3651;2.2555;74.8246;2.4;4;0;0;7;20;-82;99;10000.0;12000;64;0;10;0.0;0;0;16;5
STA_O3;1;O;38.8858;-33.2195;5.921;2.4;4;0;0;7;20;-82;99;10000.0;12000;64;0;10;0.0;0;0;16;5
STA_O4;1;O;87.248;23.9734;11.9599;2.4;4;0;0;7;20;-82;99;10000.0;12000;64;0;10;0.0;0;0;16;5
STA_O5;1;O;47.1322;86.6049;22.5502;2.4;4;0;0;7;20;-82;99;10000.0;12000;64;0;10;0.0;0;0;16;5
STA_O6;1;O;51.9651;13.4064;23.2433;2.4;4;0;0;7;20;-82;99;10000.0;12000;64;0;10;0.0;0;0;16;5
STA_O7;1;O;8.2105;-9.3697;3.8351;2.4;4;0;0;7;20;-82;99;10000.0;12000;64;0;10;0.0;0;0;16;5
STA_O8;1;O;62.2548;81.5474;28.7474;2.4;4;0;0;7;20;-82;99;10000.0;12000;64;0;10;0.0;0;0;16;5
STA_O9;1;O;-32.6534;10.3179;92.2116;2.4;4;0;0;7;20;-82;99;10000.0;12000;64;0;10;0.0;0;0;16;5
STA_O10;1;O;29.9278;-76.3925;80.0631;2.4;4;0;0;7;20;-82;99;10000.0;12000;64;0;10;0.0;0;0;16;5
STA_O11;1;O;15.2941;-40.6818;59.2421;2.4;4;0;0;7;20;-82;99;10000.0;12000;64;0;10;0.0;0;0;16;5
STA_O12;1;O;47.6082;-57.6123;23.6945;2.4;4;0;0;7;20;-82;99;10000.0;12000;64;0;10;0.0;0;0;16;5
STA_O13;1;O;24.2568;73.3523;9.9566;2.4;4;0;0;7;20;-82;99;10000.0;12000;64;0;10;0.0;0;0;16;5
AP_P;0;P;27.5;7.5;66.0582;2.4;4;0;0;3;20;-82;99;10000.0;12000;64;0;10;0.0;0;0;16;5
STA_P1;1;P;87.1919;-44.147;25.47;2.4;4;0;0;3;20;-82;99;10000.0;12000;64;0;10;0.0;0;0;16;5
STA_P2;1;P;24.1911;-74.6285;89.4232;2.4;4;0;0;3;20;-82;99;10000.0;12000;64;0;10;0.0;0;0;16;5
STA_P3;1;P;0.975;72.8062;12.7273;2.4;4;0;0;3;20;-82;99;10000.0;12000;64;0;10;0.0;0;0;16;5
STA_P4;1;P;94.3254;-41.9404;18.4136;2.4;4;0;0;3;20;-82;99;10000.0;12000;64;0;10;0.0;0;0;16;5
STA_P5;1;P;62.5939;44.5229;7.6531;2.4;4;0;0;3;20;-82;99;10000.0;12000;64;0;10;0.0;0;0;16;5
STA_P6;1;P;39.7803;-81.4607;19.8245;2.4;4;0;0;3;20;-82;99;10000.0;12000;64;0;10;0.0;0;0;16;5
STA_P7;1;P;83.276;51.2841;27.9867;2.4;4;0;0;3;20;-82;99;10000.0;12000;64;0;10;0.0;0;0;16;5
STA_P8;1;P;-43.1587;55.6324;66.165;2.4;4;0;0;3;20;-82;99;10000.0;12000;64;0;10;0.0;0;0;16;5
AP_Q;0;Q;32.5;7.5;75.0181;2.4;4;0;0;3;20;-82;99;10000.0;12000;64;0;10;0.0;0;0;16;5
STA_Q1;1;Q;21.7033;-17.521;66.4778;2.4;4;0;0;3;20;-82;99;10000.0;12000;64;0;10;0.0;0;0;16;5
STA_Q2;1;Q;43.0765;58.0055;66.3969;2.4;4;0;0;3;20;-82;99;10000.0;12000;64;0;10;0.0;0;0;16;5
STA_Q3;1;Q;-48.1064;14.1101;72.4788;2.4;4;0;0;3;20;-82;99;10000.0;12000;64;0;10;0.0;0;0;16;5
STA_Q4;1;Q;-51.9821;34.841;51.2677;2.4;4;0;0;3;20;-82;99;10000.0;12000;64;0;10;0.0;0;0;16;5
STA_Q5;1;Q;76.0309;-39.0784;71.1247;2.4;4;0;0;3;20;-82;99;10000.0;12000;64;0;10;0.0;0;0;16;5
STA_Q6;1;Q;40.7825;-72.2461;19.3584;2.4;4;0;0;3;20;-82;99;10000.0;12000;64;0;10;0.0;0;0;16;5
STA_Q7;1;Q;17.9961;15.0409;32.8837;2.4;4;0;0;3;20;-82;99;10000.0;12000;64;0;10;0.0;0;0;16;5
STA_Q8;1;Q;39.3979;-23.826;9.845;2.4;4;0;0;3;20;-82;99;10000.0;12000;64;0;10;0.0;0;0;16;5
AP_R;0;R;37.5;7.5;65.9848;2.4;4;2;2;3;20;-82;99;10000.0;12000;64;0;10;0.0;0;0;16;5
STA_R1;1;R;107.0532;-45.9309;43.1601;2.4;4;2;2;3;20;-82;99;10000.0;12000;64;0;10;0.0;0;0;16;5
STA_R2;1;R;110.0152;-9.9227;96.3779;2.4;4;2;2;3;20;-82;99;10000.0;12000;64;0;10;0.0;0;0;16;5
STA_R3;1;R;-12.6263;77.3733;92.4583;2.4;4;2;2;3;20;-82;99;10000.0;12000;64;0;10;0.0;0;0;16;5
STA_R4;1;R;-37.9479;33.997;78.1625;2.4;4;2;2;3;20;-82;99;10000.0;12000;64;0;10;0.0;0;0;16;5
STA_R5;1;R;50.3467;-51.3786;74.8896;2.4;4;2;2;3;20;-82;99;10000.0;12000;64;0;10;0.0;0;0;16;5
STA_R6;1;R;64.3318;80.7191;78.9894;2.4;4;2;2;3;20;-82;99;10000.0;12000;64;0;10;0.0;0;0;16;5
STA_R7;1;R;80.9793;-29.4547;64.24;2.4;4;2;2;3;20;-82;99;10000.0;12000;64;0;10;0.0;0;0;16;5
STA_R8;1;R;6.4807;76.3427;95.3977;2.4;4;2;2;3;20;-82;99;10000.0;12000;64;0;10;0.0;0;0;16;5
STA_R9;1;R;21.6792;64.3514;35.9181;2.4;4;2;2;3;20;-82;99;10000.0;12000;64;0;10;0.0;0;0;16;5
STA_R10;1;R;-51.7223;-1.1954;47.9151;2.4;4;2;2;3;20;-82;99;10000.0;12000;64;0;10;0.0;0;0;16;5
STA_R11;1;R;25.3191;39.6981;28.7496;2.4;4;2;2;3;20;-82;99;10000.0;12000;64;0;10;0.0;0;0;16;5
STA_R12;1;R;74.2286;41.4136;69.5557;2.4;4;2;2;3;20;-82;99;10000.0;12000;64;0;10;0.0;0;0;16;5
STA_R13;1;R;11.296;37.4791;37.4513;2.4;4;2;2;3;20;-82;99;10000.0;12000;64;0;10;0.0;0;0;16;5
STA_R14;1;R;81.7333;-56.1072;27.3282;2.4;4;2;2;3;20;-82;99;10000.0;12000;64;0;10;0.0;0;0;16;5
AP_S;0;S;42.5;7.5;20.367;2.4;4;0;0;3;20;-82;99;10000.0;12000;64;0;10;0.0;0;0;16;5
STA_S1;1;S;58.9633;-0.6327;34.482;2.4;4;0;0;3;20;-82;99;10000.0;12000;64;0;10;0.0;0;0;16;5
STA_S2;1;S;44.3524;19.7845;8.9377;2.4;4;0;0;3;20;-82;99;10000.0;12000;64;0;10;0.0;0;0;16;5
STA_S3;1;S;40.5621;-67.4721;53.9389;2.4;4;0;0;3;20;-82;99;10000.0;12000;64;0;10;0.0;0;0;16;5
STA_S4;1;S;68.8931;-5.9671;42.4058;2.4;4;0;0;3;20;-82;99;10000.0;12000;64;0;10;0.0;0;0;16;5
STA_S5;1;S;12.2297;-16.2434;88.0841;2.4;4;0;0;3;20;-82;99;10000.0;12000;64;0;10;0.0;0;0;16;5
STA_S6;1;S;41.8281;-11.9352;7.3177;2.4;4;0;0;3;20;-82;99;10000.0;12000;64;0;10;0.0;0;0;16;5
STA_S7;1;S;35.5976;-24.5937;9.1074;2.4;4;0;0;3;20;-82;99;10000.0;12000;64;0;10;0.0;0;0;16;5
STA_S8;1;S;-25.8114;40.8657;58.0356;2.4;4;0;0;3;20;-82;99;10000.0;12000;64;0;10;0.0;0;0;16;5
STA_S9;1;S;90.2795;-45.9955;91.6363;2.4;4;0;0;3;20;-82;99;10000.0;12000;64;0;10;0.0;0;0;16;5
AP_T;0;T;47.5;7.5;66.127;2.4;4;2;2;3;20;-82;99;10000.0;12000;64;0;10;0.0;0;0;16;5
STA_T1;1;T;-18.9139;50.6536;54.8257;2.4;4;2;2;3;20;-82;99;10000.0;12000;64;0;10;0.0;0;0;16;5
STA_T2;1;T;64.3338;14.1934;15.0858;2.4;4;2;2;3;20;-82;99;10000.0;12000;64;0;10;0.0;0;0;16;5
STA_T3;1;T;-39.464;25.7411;14.8188;2.4;4;2;2;3;20;-82;99;10000.0;12000;64;0;10;0.0;0;0;16;5
STA_T4;1;T;49.7496;31.473;43.5019;2.4;4;2;2;3;20;-82;99;10000.0;12000;64;0;10;0.0;0;0;16;5
STA_T5;1;T;99.1385;-59.2552;15.4641;2.4;4;2;2;3;20;-82;99;10000.0;12000;64;0;10;0.0;0;0;16;5
STA_T6;1;T;83.6244;25.2159;60.5445;2.4;4;2;2;3;20;-82;99;10000.0;12000;64;0;10;0.0;0;0;16;5
STA_T7;1;T;-8.7239;-24.4264;92.5776;2.4;4;2;2;3;20;-82;99;10000.0;12000;64;0;10;0.0;0;0;16;5
STA_T8;1;T;-32.6055;15.7277;66.2282;2.4;4;2;2;3;20;-82;99;10000.0;12000;64;0;10;0.0;0;0;16;5
STA_T9;1;T;95.8007;-19.9617;3.9125;2.4;4;2;2;3;20;-82;99;10000.0;12000;64;0;10;0.0;0;0;16;5
STA_T10;1;T;-28.2896;17.1347;53.508;2.4;4;2;2;3;20;-82;99;10000.0;12000;64;0;10;0.0;0;0;16;5
AP_U;0;U;2.5;12.5;12.6644;2.4;4;6;6;7;20;-82;99;10000.0;12000;64;0;10;0.0;0;0;16;5
STA_U1;1;U;-25.6797;14.4888;98.4879;2.4;4;6;6;7;20;-82;99;10000.0;12000;64;0;10;0.0;0;0;16;5
STA_U2;1;U;0.2992;-33.4042;25.3526;2.4;4;6;6;7;20;-82;99;10000.0;12000;64;0;10;0.0;0;0;16;5
STA_U3;1;U;61.0248;-4.3666;92.2132;2.4;4;6;6;7;20;-82;99;10000.0;12000;64;0;10;0.0;0;0;16;5
STA_U4;1;U;-47.324;-37.1308;37.8708;2.4;4;6;6;7;20;-82;99;10000.0;12000;64;0;10;0.0;0;0;16;5
STA_U5;1;U;51.2097;-37.9265;15.1695;2.4;4;6;6;7;20;-82;99;10000.0;12000;64;0;10;0.0;0;0;16;5
STA_U6;1;U;-37.86;43.3056;25.3691;2.4;4;6;6;7;20;-82;99;10000.0;12000;64;0;10;0.0;0;0;16;5
STA_U7;1;U;-30.3854;61.6879;90.7276;2.4;4;6;6;7;20;-82;99;10000.0;12000;64;0;10;0.0;0;0;16;5
STA_U8;1;U;78.7049;6.3728;52.5339;2.4;4;6;6;7;20;-82;99;10000.0;12000;64;0;10;0.0;0;0;16;5
STA_U9;1;U;-6.7214;-26.9213;45.3276;2.4;4;6;6;7;20;-82;99;10000.0;12000;64;0;10;0.0;0;0;16;5
STA_U10;1;U;55.8365;-34.9091;26.0348;2.4;4;6;6;7;20;-82;99;10000.0;12000;64;0;10;0.0;0;0;16;5
STA_U11;1;U;48.7812;21.7139;64.7883;2.4;4;6;6;7;20;-82;99;10000.0;12000;64;0;10;0.0;0;0;16;5
STA_U12;1;U;10.0358;49.4202;85.3006;2.4;4;6;6;7;20;-82;99;10000.0;12000;64;0;10;0.0;0;0;16;5
STA_U13;1;U;12.08;87.7422;40.8213;2.4;4;6;6;7;20;-82;99;10000.0;12000;64;0;10;0.0;0;0;16;5
STA_U14;1;U;-5.0578;95.3671;47.5414;2.4;4;6;6;7;20;-82;99;10000.0;12000;64;0;10;0.0;0;0;16;5
STA_U15;1;U;26.2927;45.8374;39.393;2.4;4;6;6;7;20;-82;99;10000.0;12000;64;0;10;0.0;0;0;16;5
STA_U16;1;U;-52.8146;-7.6201;67.8978;2.4;4;6;6;7;20;-82;99;10000.0;12000;64;0;10;0.0;0;0;16;5
STA_U17;1;U;-51.1026;53.1039;66.7931;2.4;4;6;6;7;20;-82;99;10000.0;12000;64;0;10;0.0;0;0;16;5
STA_U18;1;U;-53.3521;81.0244;38.7256;2.4;4;6;6;7;20;-82;99;10000.0;12000;64;0;10;0.0;0;0;16;5
STA_U19;1;U;44.4443;49.5094;24.373;2.4;4;6;6;7;20;-82;99;10000.0;12000;64;0;10;0.0;0;0;16;5
STA_U20;1;U;-22.996;59.2949;24.3623;2.4;4;6;6;7;20;-82;99;10000.0;12000;64;0;10;0.0;0;0;16;5
AP_W;0;W;7.5;12.5;78.0878;2.4;4;0;0;3;20;-82;99;10000.0;12000;64;0;10;0.0;0;0;16;5
STA_W1;1;W;-13.6006;23.9544;79.3788;2.4;4;0;0;3;20;-82;99;10000.0;12000;64;0;10;0.0;0;0;16;5
STA_W2;1;W;76.4325;15.6435;23.6697;2.4;4;0;0;3;20;-82;99;10000.0;12000;64;0;10;0.0;0;0;16;5
STA_W3;1;W;19.9563;80.1887;26.8099;2.4;4;0;0;3;20;-82;99;10000.0;12000;64;0;10;0.0;0;0;16;5
STA_W4;1;W;4.2444;-31.946;71.1527;2.4;4;0;0;3;20;-82;99;10000.0;12000;64;0;10;0.0;0;0;16;5
STA_W5;1;W;-5.2973;99.2375;19.1803;2.4;4;0;0;3;20;-82;99;10000.0;12000;64;0;10;0.0;0;0;16;5
STA_W6;1;W;4.8269;-59.2647;76.9929;2.4;4;0;0;3;20;-82;99;10000.0;12000;64;0;10;0.0;0;0;16;5
STA_W7;1;W;-31.8429;37.4559;47.7506;2.4;4;0;0;3;20;-82;99;10000.0;12000;64;0;10;0.0;0;0;16;5
STA_W8;1;W;28.1159;18.6102;50.9678;2.4;4;0;0;3;20;-82;99;10000.0;12000;64;0;10;0.0;0;0;16;5
STA_W9;1;W;-5.7957;101.4523;84.5181;2.4;4;0;0;3;20;-82;99;10000.0;12000;64;0;10;0.0;0;0;16;5
STA_W10;1;W;-32.9189;-31.387;4.7539;2.4;4;0;0;3;20;-82;99;10000.0;12000;64;0;10;0.0;0;0;16;5
STA_W11;1;W;49.8061;-36.4292;24.7732;2.4;4;0;0;3;20;-82;99;10000.0;12000;64;0;10;0.0;0;0;16;5
STA_W12;1;W;-62.6761;-31.525;65.5337;2.4;4;0;0;3;20;-82;99;10000.0;12000;64;0;10;0.0;0;0;16;5
STA_W13;1;W;-48.6716;62.3753;38.9303;2.4;4;0;0;3;20;-82;99;10000.0;12000;64;0;10;0.0;0;0;16;5
AP_X;0;X;12.5;12.5;80.6597;2.4;4;6;6;7;20;-82;99;10000.0;12000;64;0;10;0.0;0;0;16;5
STA_X1;1;X;24.7141;29.6114;87.2349;2.4;4;6;6;7;20;-82;99;10000.0;12000;64;0;10;0.0;0;0;16;5
STA_X2;1;X;93.7786;-13.385;57.4541;2.4;4;6;6;7;20;-82;99;10000.0;12000;64;0;10;0.0;0;0;16;5
STA_X3;1;X;90.5862;-0.0889;52.8099;2.4;4;6;6;7;20;-82;99;10000.0;12000;64;0;10;0.0;0;0;16;5
STA_X4;1;X;31.5764;52.0462;21.9797;2.4;4;6;6;7;20;-82;99;10000.0;12000;64;0;10;0.0;0;0;16;5
STA_X5;1;X;53.0552;-66.8341;87.2627;2.4;4;6;6;7;20;-82;99;10000.0;12000;64;0;10;0.0;0;0;16;5
STA_X6;1;X;16.4346;55.8208;30.6068;2.4;4;6;6;7;20;-82;99;10000.0;12000;64;0;10;0.0;0;0;16;5
STA_X7;1;X;13.6712;-50.5523;50.3856;2.4;4;6;6;7;20;-82;99;10000.0;12000;64;0;10;0.0;0;0;16;5
STA_X8;1;X;-8.7544;-15.1704;92.6959;2.4;4;6;6;7;20;-82;99;10000.0;12000;64;0;10;0.0;0;0;16;5
STA_X9;1;X;33.1993;-72.05;48.0732;2.4;4;6;6;7;20;-82;99;10000.0;12000;64;0;10;0.0;0;0;16;5
STA_X10;1;X;22.3801;-23.335;79.8045;2.4;4;6;6;7;20;-82;99;10000.0;12000;64;0;10;0.0;0;0;16;5
AP_Y;0;Y;17.5;12.5;76.8613;2.4;4;2;2;3;20;-82;99;10000.0;12000;64;0;10;0.0;0;0;16;5
STA_Y1;1;Y;-44.7623;59.2275;39.9754;2.4;4;2;2;3;20;-82;99;10000.0;12000;64;0;10;0.0;0;0;16;5
STA_Y2;1;Y;41.1371;-2.388;34.1739;2.4;4;2;2;3;20;-82;99;10000.0;12000;64;0;10;0.0;0;0;16;5
STA_Y3;1;Y;6.3992;-14.7986;99.4511;2.4;4;2;2;3;20;-82;99;10000.0;12000;64;0;10;0.0;0;0;16;5
STA_Y4;1;Y;-1.1136;48.6692;43.4704;2.4;4;2;2;3;20;-82;99;10000.0;12000;64;0;10;0.0;0;0;16;5
STA_Y5;1;Y;72.9745;-57.2533;56.648;2.4;4;2;2;3;20;-82;99;10000.0;12000;64;0;10;0.0;0;0;16;5
STA_Y6;1;Y;27.7294;-33.8187;87.4038;2.4;4;2;2;3;20;-82;99;10000.0;12000;64;0;10;0.0;0;0;16;5
STA_Y7;1;Y;-47.5728;65.9231;15.0536;2.4;4;2;2;3;20;-82;99;10000.0;12000;64;0;10;0.0;0;0;16;5
STA_Y8;1;Y;-36.2543;-29.7203;58.2869;2.4;4;2;2;3;20;-82;99;10000.0;12000;64;0;10;0.0;0;0;16;5
STA_Y9;1;Y;74.9474;80.3448;33.0094;2.4;4;2;2;3;20;-82;99;10000.0;12000;64;0;10;0.0;0;0;16;5
STA_Y10;1;Y;5.8174;10.6268;76.7;2.4;4;2;2;3;20;-82;99;10000.0;12000;64;0;10;0.0;0;0;16;5
STA_Y11;1;Y;9.1822;31.9328;47.7672;2.4;4;2;2;3;20;-82;99;10000.0;12000;64;0;10;0.0;0;0;16;5
AP_Z;0;Z;22.5;12.5;5.1067;2.4;4;0;0;7;20;-82;99;10000.0;12000;64;0;10;0.0;0;0;16;5
STA_Z1;1;Z;-23.6353;38.4445;76.6836;2.4;4;0;0;7;20;-82;99;10000.0;12000;64;0;10;0.0;0;0;16;5
STA_Z2;1;Z;67.2771;53.1447;12.3892;2.4;4;0;0;7;20;-82;99;10000.0;12000;64;0;10;0.0;0;0;16;5
STA_Z3;1;Z;37.0103;24.0854;68.0914;2.4;4;0;0;7;20;-82;99;10000.0;12000;64;0;10;0.0;0;0;16;5
STA_Z4;1;Z;-55.4872;19.5071;66.0721;2.4;4;0;0;7;20;-82;99;10000.0;12000;64;0;10;0.0;0;0;16;5
STA_Z5;1;Z;65.8161;-54.6051;99.0765;2.4;4;0;0;7;20;-82;99;10000.0;12000;64;0;10;0.0;0;0;16;5
STA_Z6;1;Z;61.2905;63.0511;88.4251;2.4;4;0;0;7;20;-82;99;10000.0;12000;64;0;10;0.0;0;0;16;5
STA_Z7;1;Z;28.3627;-19.3952;66.3119;2.4;4;0;0;7;20;-82;99;10000.0;12000;64;0;10;0.0;0;0;16;5
STA_Z8;1;Z;78.6394;41.6192;8.7713;2.4;4;0;0;7;20;-82;99;10000.0;12000;64;0;10;0.0;0;0;16;5
STA_Z9;1;Z;73.809;41.7535;53.7632;2.4;4;0;0;7;20;-82;99;10000.0;12000;64;0;10;0.0;0;0;16;5
STA_Z10;1;Z;9.2047;81.5312;74.1441;2.4;4;0;0;7;20;-82;99;10000.0;12000;64;0;10;0.0;0;0;16;5
STA_Z11;1;Z;46.4547;-70.1103;90.6837;2.4;4;0;0;7;20;-82;99;10000.0;12000;64;0;10;0.0;0;0;16;5
STA_Z12;1;Z;-16.789;49.1708;13.893;2.4;4;0;0;7;20;-82;99;10000.0;12000;64;0;10;0.0;0;0;16;5
STA_Z13;1;Z;75.7465;14.0619;5.7425;2.4;4;0;0;7;20;-82;99;10000.0;12000;64;0;10;0.0;0;0;16;5
STA_Z14;1;Z;-32.492;75.0347;29.9304;2.4;4;0;0;7;20;-82;99;10000.0;12000;64;0;10;0.0;0;0;16;5
STA_Z15;1;Z;6.5149;-34.6474;20.8292;2.4;4;0;0;7;20;-82;99;10000.0;12000;64;0;10;0.0;0;0;16;5
STA_Z16;1;Z;37.4787;-23.9466;38.7038;2.4;4;0;0;7;20;-82;99;10000.0;12000;64;0;10;0.0;0;0;16;5
STA_Z17;1;Z;-9.4037;-62.9146;7.6853;2.4;4;0;0;7;20;-82;99;10000.0;12000;64;0;10;0.0;0;0;16;5
AP_AA;0;AA;27.5;12.5;51.6828;2.4;4;0;0;3;20;-82;99;10000.0;12000;64;0;10;0.0;0;0;16;5
STA_AA1;1;AA;61.6979;-49.1253;5.6058;2.4;4;0;0;3;20;-82;99;10000.0;12000;64;0;10;0.0;0;0;16;5
STA_AA2;1;AA;13.1655;-7.6427;63.3991;2.4;4;0;0;3;20;-82;99;10000.0;12000;64;0;10;0.0;0;0;16;5
STA_AA3;1;AA;74.6036;32.6561;21.9777;2.4;4;0;0;3;20;-82;99;10000.0;12000;64;0;10;0.0;0;0;16;5
STA_AA4;1;AA;-9.3013;54.8058;14.2809;2.4;4;0;0;3;20;-82;99;10000.0;12000;64;0;10;0.0;0;0;16;5
STA_AA5;1;AA;-32.8763;66.9413;52.5829;2.4;4;0;0;3;20;-82;99;10000.0;12000;64;0;10;0.0;0;0;16;5
STA_AA6;1;AA;-24.9851;-27.1043;10.4568;2.4;4;0;0;3;20;-82;99;10000.0;12000;64;0;10;0.0;0;0;16;5
STA_AA7;1;AA;-4.6946;-38.5574;42.911;2.4;4;0;0;3;20;-82;99;10000.0;12000;64;0;10;0.0;0;0;16;5
STA_AA8;1;AA;11.312;20.6848;77.2002;2.4;4;0;0;3;20;-82;99;10000.0;12000;64;0;10;0.0;0;0;16;5
STA_AA9;1;AA;21.0024;25.7348;83.2786;2.4;4;0;0;3;20;-82;99;10000.0;12000;64;0;10;0.0;0;0;16;5
STA_AA10;1;AA;-4.5;67.4408;63.4509;2.4;4;0;0;3;20;-82;99;10000.0;12000;64;0;10;0.0;0;0;16;5
AP_BA;0;BA;32.5;12.5;42.8332;2.4;4;0;0;3;20;-82;99;10000.0;12000;64;0;10;0.0;0;0;16;5
STA_BA1;1;BA;5.4726;-45.5351;34.8339;2.4;4;0;0;3;20;-82;99;10000.0;12000;64;0;10;0.0;0;0;16;5
STA_BA2;1;BA;97.6806;-19.8289;91.4222;2.4;4;0;0;3;20;-82;99;10000.0;12000;64;0;10;0.0;0;0;16;5
STA_BA3;1;BA;35.4147;102.0311;72.654;2.4;4;0;0;3;20;-82;99;10000.0;12000;64;0;10;0.0;0;0;16;5
STA_BA4;1;BA;15.3643;-48.7934;92.6837;2.4;4;0;0;3;20;-82;99;10000.0;12000;64;0;10;0.0;0;0;16;5
STA_BA5;1;BA;35.6239;-31.6927;80.6936;2.4;4;0;0;3;20;-82;99;10000.0;12000;64;0;10;0.0;0;0;16;5
STA_BA6;1;BA;-17.5878;10.4597;27.2717;2.4;4;0;0;3;20;-82;99;10000.0;12000;64;0;10;0.0;0;0;16;5
STA_BA7;1;BA;-23.7405;66.3674;9.0188;2.4;4;0;0;3;20;-82;99;10000.0;12000;64;0;10;0.0;0;0;16;5
STA_BA8;1;BA;40.9749;-50.1917;89.742;2.4;4;0;0;3;20;-82;99;10000.0;12000;64;0;10;0.0;0;0;16;5
STA_BA9;1;BA;1.9429;69.7201;17.0071;2.4;4;0;0;3;20;-82;99;10000.0;12000;64;0;10;0.0;0;0;16;5
STA_BA10;1;BA;104.1792;28.6724;18.6578;2.4;4;0;0;3;20;-82;99;10000.0;12000;64;0;10;0.0;0;0;16;5
STA_BA11;1;BA;94.7712;20.3412;93.8029;2.4;4;0;0;3;20;-82;99;10000.0;12000;64;0;10;0.0;0;0;16;5
STA_BA12;1;BA;71.6583;31.2589;48.746;2.4;4;0;0;3;20;-82;99;10000.0;12000;64;0;10;0.0;0;0;16;5
STA_BA13;1;BA;71.8126;71.1249;36.9066;2.4;4;0;0;3;20;-82;99;10000.0;12000;64;0;10;0.0;0;0;16;5
STA_BA14;1;BA;73.8481;83.785;41.285;2.4;4;0;0;3;20;-82;99;10000.0;12000;64;0;10;0.0;0;0;16;5
STA_BA15;1;BA;-23.422;64.8769;31.0152;2.4;4;0;0;3;20;-82;99;10000.0;12000;64;0;10;0.0;0;0;16;5
STA_BA16;1;BA;41.7907;-35.9466;53.5963;2.4;4;0;0;3;20;-82;99;10000.0;12000;64;0;10;0.0;0;0;16;5
STA_BA17;1;BA;-39.8482;-37.4555;99.1355;2.4;4;0;0;3;20;-82;99;10000.0;12000;64;0;10;0.0;0;0;16;5
STA_BA18;1;BA;38.4948;1.1153;72.6745;2.4;4;0;0;3;20;-82;99;10000.0;12000;64;0;10;0.0;0;0;16;5
STA_BA19;1;BA;86.9187;18.3952;98.7293;2.4;4;0;0;3;20;-82;99;10000.0;12000;64;0;10;0.0;0;0;16;5
AP_CA;0;CA;37.5;12.5;44.7044;2.4;4;0;0;3;20;-82;99;10000.0;12000;64;0;10;0.0;0;0;16;5
STA_CA1;1;CA;20.9342;-70.8921;15.2223;2.4;4;0;0;3;20;-82;99;10000.0;12000;64;0;10;0.0;0;0;16;5
STA_CA2;1;CA;44.3824;31.5618;67.1045;2.4;4;0;0;3;20;-82;99;10000.0;12000;64;0;10;0.0;0;0;16;5
STA_CA3;1;CA;78.9049;-57.3955;61.4012;2.4;4;0;0;3;20;-82;99;10000.0;12000;64;0;10;0.0;0;0;16;5
STA_CA4;1;CA;4.7825;22.0602;50.079;2.4;4;0;0;3;20;-82;99;10000.0;12000;64;0;10;0.0;0;0;16;5
STA_CA5;1;CA;14.9125;-64.2921;13.8579;2.4;4;0;0;3;20;-82;99;10000.0;12000;64;0;10;0.0;0;0;16;5
STA_CA6;1;CA;-5.8107;70.3265;10.2803;2.4;4;0;0;3;20;-82;99;10000.0;12000;64;0;10;0.0;0;0;16;5
STA_CA7;1;CA;11.8983;-21.7761;61.8952;2.4;4;0;0;3;20;-82;99;10000.0;12000;64;0;10;0.0;0;0;16;5
STA_CA8;1;CA;-15.3203;36.7201;12.1964;2.4;4;0;0;3;20;-82;99;10000.0;12000;64;0;10;0.0;0;0;16;5
STA_CA9;1;CA;34.7136;-71.5326;28.434;2.4;4;0;0;3;20;-82;99;10000.0;12000;64;0;10;0.0;0;0;16;5
STA_CA10;1;CA;50.5355;-29.8453;6.4419;2.4;4;0;0;3;20;-82;99;10000.0;12000;64;0;10;0.0;0;0;16;5
STA_CA11;1;CA;31.6245;23.6445;21.507;2.4;4;0;0;3;20;-82;99;10000.0;12000;64;0;10;0.0;0;0;16;5
STA_CA12;1;CA;-48.2198;13.3221;22.5996;2.4;4;0;0;3;20;-82;99;10000.0;12000;64;0;10;0.0;0;0;16;5
STA_CA13;1;CA;-3.8692;-56.9582;91.2434;2.4;4;0;0;3;20;-82;99;10000.0;12000;64;0;10;0.0;0;0;16;5
STA_CA14;1;CA;41.6506;-36.9807;25.3485;2.4;4;0;0;3;20;-82;99;10000.0;12000;64;0;10;0.0;0;0;16;5
AP_DA;0;DA;42.5;12.5;37.4631;2.4;4;0;0;3;20;-82;99;10000.0;12000;64;0;10;0.0;0;0;16;5
STA_DA1;1;DA;70.4792;14.9439;54.03;2.4;4;0;0;3;20;-82;99;10000.0;12000;64;0;10;0.0;0;0;16;5
STA_DA2;1;DA;111.2418;-33.7582;64.81;2.4;4;0;0;3;20;-82;99;10000.0;12000;64;0;10;0.0;0;0;16;5
STA_DA3;1;DA;62.276;3.8153;46.89;2.4;4;0;0;3;20;-82;99;10000.0;12000;64;0;10;0.0;0;0;16;5
STA_DA4;1;DA;70.0005;69.7242;49.843;2.4;4;0;0;3;20;-82;99;10000.0;12000;64;0;10;0.0;0;0;16;5
STA_DA5;1;DA;71.7181;-43.368;79.5356;2.4;4;0;0;3;20;-82;99;10000.0;12000;64;0;10;0.0;0;0;16;5
STA_DA6;1;DA;33.3359;-67.9683;79.6522;2.4;4;0;0;3;20;-82;99;10000.0;12000;64;0;10;0.0;0;0;16;5
STA_DA7;1;DA;116.7754;-33.2644;27.463;2.4;4;0;0;3;20;-82;99;10000.0;12000;64;0;10;0.0;0;0;16;5
STA_DA8;1;DA;97.9353;54.1525;17.1491;2.4;4;0;0;3;20;-82;99;10000.0;12000;64;0;10;0.0;0;0;16;5
STA_DA9;1;DA;31.9166;71.1704;52.2856;2.4;4;0;0;3;20;-82;99;10000.0;12000;64;0;10;0.0;0;0;16;5
STA_DA10;1;DA;57.4049;-27.9224;36.6366;2.4;4;0;0;3;20;-82;99;10000.0;12000;64;0;10;0.0;0;0;16;5
STA_DA11;1;DA;30.6452;-33.3702;31.7798;2.4;4;0;0;3;20;-82;99;10000.0;12000;64;0;10;0.0;0;0;16;5
STA_DA12;1;DA;24.8275;-59.4665;84.8412;2.4;4;0;0;3;20;-82;99;10000.0;12000;64;0;10;0.0;0;0;16;5
STA_DA13;1;DA;78.3748;-0.9525;3.3773;2.4;4;0;0;3;20;-82;99;10000.0;12000;64;0;10;0.0;0;0;16;5
STA_DA14;1;DA;-32.2621;-8.2206;92.6217;2.4;4;0;0;3;20;-82;99;10000.0;12000;64;0;10;0.0;0;0;16;5
STA_DA15;1;DA;12.7578;-47.0049;48.0604;2.4;4;0;0;3;20;-82;99;10000.0;12000;64;0;10;0.0;0;0;16;5
STA_DA16;1;DA;61.0119;34.9907;7.1719;2.4;4;0;0;3;20;-82;99;10000.0;12000;64;0;10;0.0;0;0;16;5
STA_DA17;1;DA;56.9104;-8.9454;80.5426;2.4;4;0;0;3;20;-82;99;10000.0;12000;64;0;10;0.0;0;0;16;5
STA_DA18;1;DA;79.9275;-17.4877;24.5415;2.4;4;0;0;3;20;-82;99;10000.0;12000;64;0;10;0.0;0;0;16;5
STA_DA19;1;DA;114.9168;32.6783;14.3148;2.4;4;0;0;3;20;-82;99;10000.0;12000;64;0;10;0.0;0;0;16;5
AP_EA;0;EA;47.5;12.5;86.3832;2.4;4;0;0;7;20;-82;99;10000.0;12000;64;0;10;0.0;0;0;16;5
STA_EA1;1;EA;-28.3466;-10.7276;88.6368;2.4;4;0;0;7;20;-82;99;10000.0;12000;64;0;10;0.0;0;0;16;5
STA_EA2;1;EA;23.5084;88.4732;62.535;2.4;4;0;0;7;20;-82;99;10000.0;12000;64;0;10;0.0;0;0;16;5
STA_EA3;1;EA;62.4288;22.7889;78.4424;2.4;4;0;0;7;20;-82;99;10000.0;12000;64;0;10;0.0;0;0;16;5
STA_EA4;1;EA;23.4323;31.021;50.2525;2.4;4;0;0;7;20;-82;99;10000.0;12000;64;0;10;0.0;0;0;16;5
STA_EA5;1;EA;63.7721;1.2812;42.8528;2.4;4;0;0;7;20;-82;99;10000.0;12000;64;0;10;0.0;0;0;16;5
STA_EA6;1;EA;-25.8201;61.2614;34.9849;2.4;4;0;0;7;20;-82;99;10000.0;12000;64;0;10;0.0;0;0;16;5
STA_EA7;1;EA;-11.4797;33.761;59.503;2.4;4;0;0;7;20;-82;99;10000.0;12000;64;0;10;0.0;0;0;16;5
STA_EA8;1;EA;33.8601;90.4893;45.6346;2.4;4;0;0;7;20;-82;99;10000.0;12000;64;0;10;0.0;0;0;16;5
STA_EA9;1;EA;71.2643;-0.9047;18.3782;2.4;4;0;0;7;20;-82;99;10000.0;12000;64;0;10;0.0;0;0;16;5
STA_EA10;1;EA;-15.9259;-11.3415;72.4768;2.4;4;0;0;7;20;-82;99;10000.0;12000;64;0;10;0.0;0;0;16;5
STA_EA11;1;EA;-19.3977;57.6005;24.2768;2.4;4;0;0;7;20;-82;99;10000.0;12000;64;0;10;0.0;0;0;16;5
STA_EA12;1;EA;30.6603;37.9267;37.8228;2.4;4;0;0;7;20;-82;99;10000.0;12000;64;0;10;0.0;0;0;16;5
STA_EA13;1;EA;55.3318;-11.899;16.1976;2.4;4;0;0;7;20;-82;99;10000.0;12000;64;0;10;0.0;0;0;16;5
STA_EA14;1;EA;37.8631;40.6905;62.2248;2.4;4;0;0;7;20;-82;99;10000.0;12000;64;0;10;0.0;0;0;16;5
STA_EA15;1;EA;79.6358;15.8505;50.8677;2.4;4;0;0;7;20;-82;99;10000.0;12000;64;0;10;0.0;0;0;16;5
STA_EA16;1;EA;83.8024;-66.5595;60.127;2.4;4;0;0;7;20;-82;99;10000.0;12000;64;0;10;0.0;0;0;16;5
AP_FA;0;FA;2.5;17.5;69.305;2.4;4;2;2;3;20;-82;99;10000.0;12000;64;0;10;0.0;0;0;16;5
STA_FA1;1;FA;-57.6297;-43.9725;76.5338;2.4;4;2;2;3;20;-82;99;10000.0;12000;64;0;10;0.0;0;0;16;5
STA_FA2;1;FA;-38.3218;62.1955;60.7395;2.4;4;2;2;3;20;-82;99;10000.0;12000;64;0;10;0.0;0;0;16;5
STA_FA3;1;FA;67.0726;-2.9745;5.2459;2.4;4;2;2;3;20;-82;99;10000.0;12000;64;0;10;0.0;0;0;16;5
STA_FA4;1;FA;56.622;45.5789;57.3331;2.4;4;2;2;3;20;-82;99;10000.0;12000;64;0;10;0.0;0;0;16;5
STA_FA5;1;FA;69.8513;70.0438;40.3111;2.4;4;2;2;3;20;-82;99;10000.0;12000;64;0;10;0.0;0;0;16;5
STA_FA6;1;FA;46.6813;67.1138;26.9321;2.4;4;2;2;3;20;-82;99;10000.0;12000;64;0;10;0.0;0;0;16;5
STA_FA7;1;FA;12.9189;-66.8421;13.5335;2.4;4;2;2;3;20;-82;99;10000.0;12000;64;0;10;0.0;0;0;16;5
STA_FA8;1;FA;71.49;68.8425;11.4941;2.4;4;2;2;3;20;-82;99;10000.0;12000;64;0;10;0.0;0;0;16;5
STA_FA9;1;FA;2.4428;-70.4564;7.417;2.4;4;2;2;3;20;-82;99;10000.0;12000;64;0;10;0.0;0;0;16;5
STA_FA10;1;FA;79.7771;46.819;71.8527;2.4;4;2;2;3;20;-82;99;10000.0;12000;64;0;10;0.0;0;0;16;5
STA_FA11;1;FA;-26.5505;36.5642;97.3573;2.4;4;2;2;3;20;-82;99;10000.0;12000;64;0;10;0.0;0;0;16;5
STA_FA12;1;FA;-43.6556;32.8253;27.3126;2.4;4;2;2;3;20;-82;99;10000.0;12000;64;0;10;0.0;0;0;16;5
STA_FA13;1;FA;-54.8377;-6.8013;6.3771;2.4;4;2;2;3;20;-82;99;10000.0;12000;64;0;10;0.0;0;0;16;5
STA_FA14;1;FA;41.9627;26.1252;75.3825;2.4;4;2;2;3;20;-82;99;10000.0;12000;64;0;10;0.0;0;0;16;5
STA_FA15;1;FA;-62.8198;78.1904;33.9379;2.4;4;2;2;3;20;-82;99;10000.0;12000;64;0;10;0.0;0;0;16;5
STA_FA16;1;FA;-8.26;21.0592;35.182;2.4;4;2;2;3;20;-82;99;10000.0;12000;64;0;10;0.0;0;0;16;5
STA_FA17;1;FA;0.1129;94.0059;29.8143;2.4;4;2;2;3;20;-82;99;10000.0;12000;64;0;10;0.0;0;0;16;5
STA_FA18;1;FA;70.7816;68.1439;17.2769;2.4;4;2;2;3;20;-82;99;10000.0;12000;64;0;10;0.0;0;0;16;5
STA_FA19;1;FA;33.1268;81.5259;5.4614;2.4;4;2;2;3;20;-82;99;10000.0;12000;64;0;10;0.0;0;0;16;5
STA_FA20;1;FA;-9.2592;-51.471;77.5011;2.4;4;2;2;3;20;-82;99;10000.0;12000;64;0;10;0.0;0;0;16;5
AP_GA;0;GA;7.5;17.5;88.5977;2.4;4;4;4;5;20;-82;99;10000.0;12000;64;0;10;0.0;0;0;16;5
STA_GA1;1;GA;8.5436;101.0226;29.9163;2.4;4;4;4;5;20;-82;99;10000.0;12000;64;0;10;0.0;0;0;16;5
STA_GA2;1;GA;13.6089;-29.5488;66.985;2.4;4;4;4;5;20;-82;99;10000.0;12000;64;0;10;0.0;0;0;16;5
STA_GA3;1;GA;-11.628;-60.1;60.2969;2.4;4;4;4;5;20;-82;99;10000.0;12000;64;0;10;0.0;0;0;16;5
STA_GA4;1;GA;52.5464;63.1302;67.4847;2.4;4;4;4;5;20;-82;99;10000.0;12000;64;0;10;0.0;0;0;16;5
STA_GA5;1;GA;-0.6337;87.1236;72.0771;2.4;4;4;4;5;20;-82;99;10000.0;12000;64;0;10;0.0;0;0;16;5
STA_GA6;1;GA;-27.2253;-59.646;57.795;2.4;4;4;4;5;20;-82;99;10000.0;12000;64;0;10;0.0;0;0;16;5
STA_GA7;1;GA;71.7866;-26.533;74.4158;2.4;4;4;4;5;20;-82;99;10000.0;12000;64;0;10;0.0;0;0;16;5
STA_GA8;1;GA;-16.1524;9.0307;12.1074;2.4;4;4;4;5;20;-82;99;10000.0;12000;64;0;10;0.0;0;0;16;5
STA_GA9;1;GA;34.2005;22.6804;41.2826;2.4;4;4;4;5;20;-82;99;10000.0;12000;64;0;10;0.0;0;0;16;5
STA_GA10;1;GA;40.7325;-38.9563;19.6816;2.4;4;4;4;5;20;-82;99;10000.0;12000;64;0;10;0.0;0;0;16;5
STA_GA11;1;GA;-2.9979;-63.6591;85.401;2.4;4;4;4;5;20;-82;99;10000.0;12000;64;0;10;0.0;0;0;16;5
STA_GA12;1;GA;-27.1268;57.492;8.7079;2.4;4;4;4;5;20;-82;99;10000.0;12000;64;0;10;0.0;0;0;16;5
STA_GA13;1;GA;8.6058;-32.1844;42.1238;2.4;4;4;4;5;20;-82;99;10000.0;12000;64;0;10;0.0;0;0;16;5
AP_HA;0;HA;12.5;17.5;46.1084;2.4;4;0;0;7;20;-82;99;10000.0;12000;64;0;10;0.0;0;0;16;5
STA_HA1;1;HA;8.877;-49.1471;76.7086;2.4;4;0;0;7;20;-82;99;10000.0;12000;64;0;10;0.0;0;0;16;5
STA_HA2;1;HA;-73.039;41.42;48.7501;2.4;4;0;0;7;20;-82;99;10000.0;12000;64;0;10;0.0;0;0;16;5
STA_HA3;1;HA;-23.7631;52.9985;47.7912;2.4;4;0;0;7;20;-82;99;10000.0;12000;64;0;10;0.0;0;0;16;5
STA_HA4;1;HA;87.0409;-6.6551;78.0573;2.4;4;0;0;7;20;-82;99;10000.0;12000;64;0;10;0.0;0;0;16;5
STA_HA5;1;HA;-29.6409;-11.3781;84.1271;2.4;4;0;0;7;20;-82;99;10000.0;12000;64;0;10;0.0;0;0;16;5
STA_HA6;1;HA;77.4421;-28.1991;82.2059;2.4;4;0;0;7;20;-82;99;10000.0;12000;64;0;10;0.0;0;0;16;5
STA_HA7;1;HA;-67.6028;32.3892;16.2528;2.4;4;0;0;7;20;-82;99;10000.0;12000;64;0;10;0.0;0;0;16;5
STA_HA8;1;HA;11.6077;-21.3986;38.5526;2.4;4;0;0;7;20;-82;99;10000.0;12000;64;0;10;0.0;0;0;16;5
STA_HA9;1;HA;3.5482;33.5774;48.0217;2.4;4;0;0;7;20;-82;99;10000.0;12000;64;0;10;0.0;0;0;16;5
AP_IA;0;IA;17.5;17.5;34.0376;2.4;4;0;0;3;20;-82;99;10000.0;12000;64;0;10;0.0;0;0;16;5
STA_IA1;1;IA;-51.2663;12.3952;30.509;2.4;4;0;0;3;20;-82;99;10000.0;12000;64;0;10;0.0;0;0;16;5
STA_IA2;1;IA;-48.805;37.2895;57.2976;2.4;4;0;0;3;20;-82;99;10000.0;12000;64;0;10;0.0;0;0;16;5
STA_IA3;1;IA;71.5713;51.0061;72.697;2.4;4;0;0;3;20;-82;99;10000.0;12000;64;0;10;0.0;0;0;16;5
STA_IA4;1;IA;90.4763;25.2151;93.0719;2.4;4;0;0;3;20;-82;99;10000.0;12000;64;0;10;0.0;0;0;16;5
STA_IA5;1;IA;46.1893;69.1946;66.2269;2.4;4;0;0;3;20;-82;99;10000.0;12000;64;0;10;0.0;0;0;16;5
STA_IA6;1;IA;14.661;-36.2307;41.852;2.4;4;0;0;3;20;-82;99;10000.0;12000;64;0;10;0.0;0;0;16;5
STA_IA7;1;IA;-18.4915;37.8545;28.9579;2.4;4;0;0;3;20;-82;99;10000.0;12000;64;0;10;0.0;0;0;16;5
STA_IA8;1;IA;46.7436;-1.4161;36.2594;2.4;4;0;0;3;20;-82;99;10000.0;12000;64;0;10;0.0;0;0;16;5
STA_IA9;1;IA;38.8317;34.4039;91.1141;2.4;4;0;0;3;20;-82;99;10000.0;12000;64;0;10;0.0;0;0;16;5
STA_IA10;1;IA;14.4687;50.1871;9.7447;2.4;4;0;0;3;20;-82;99;10000.0;12000;64;0;10;0.0;0;0;16;5
STA_IA11;1;IA;79.9987;58.4624;29.9432;2.4;4;0;0;3;20;-82;99;10000.0;12000;64;0;10;0.0;0;0;16;5
STA_IA12;1;IA;-3.6628;-27.5038;67.28;2.4;4;0;0;3;20;-82;99;10000.0;12000;64;0;10;0.0;0;0;16;5
STA_IA13;1;IA;106.1167;12.207;59.4369;2.4;4;0;0;3;20;-82;99;10000.0;12000;64;0;10;0.0;0;0;16;5
AP_JA;0;JA;22.5;17.5;39.9085;2.4;4;0;0;7;20;-82;99;10000.0;12000;64;0;10;0.0;0;0;16;5
STA_JA1;1;JA;-15.3544;87.8464;86.4402;2.4;4;0;0;7;20;-82;99;10000.0;12000;64;0;10;0.0;0;0;16;5
STA_JA2;1;JA;82.0014;16.5754;8.4876;2.4;4;0;0;7;20;-82;99;10000.0;12000;64;0;10;0.0;0;0;16;5
STA_JA3;1;JA;22.8583;-25.8229;79.4402;2.4;4;0;0;7;20;-82;99;10000.0;12000;64;0;10;0.0;0;0;16;5
STA_JA4;1;JA;76.9051;1.8896;64.0705;2.4;4;0;0;7;20;-82;99;10000.0;12000;64;0;10;0.0;0;0;16;5
STA_JA5;1;JA;47.0271;19.1913;39.0196;2.4;4;0;0;7;20;-82;99;10000.0;12000;64;0;10;0.0;0;0;16;5
STA_JA6;1;JA;-14.6171;-59.6663;98.4268;2.4;4;0;0;7;20;-82;99;10000.0;12000;64;0;10;0.0;0;0;16;5
STA_JA7;1;JA;103.2748;56.8683;81.8769;2.4;4;0;0;7;20;-82;99;10000.0;12000;64;0;10;0.0;0;0;16;5
STA_JA8;1;JA;-16.9994;17.0992;61.6924;2.4;4;0;0;7;20;-82;99;10000.0;12000;64;0;10;0.0;0;0;16;5
STA_JA9;1;JA;18.1145;27.2327;15.0529;2.4;4;0;0;7;20;-82;99;10000.0;12000;64;0;10;0.0;0;0;16;5
AP_KA;0;KA;27.5;17.5;7.4438;2.4;4;0;0;7;20;-82;99;10000.0;12000;64;0;10;0.0;0;0;16;5
STA_KA1;1;KA;27.2927;30.1307;26.8334;2.4;4;0;0;7;20;-82;99;10000.0;12000;64;0;10;0.0;0;0;16;5
STA_KA2;1;KA;23.8957;62.0586;72.6308;2.4;4;0;0;7;20;-82;99;10000.0;12000;64;0;10;0.0;0;0;16;5
STA_KA3;1;KA;-56.5788;45.6685;17.3692;2.4;4;0;0;7;20;-82;99;10000.0;12000;64;0;10;0.0;0;0;16;5
STA_KA4;1;KA;16.4912;30.4219;68.7066;2.4;4;0;0;7;20;-82;99;10000.0;12000;64;0;10;0.0;0;0;16;5
STA_KA5;1;KA;-4.0223;4.5237;13.3731;2.4;4;0;0;7;20;-82;99;10000.0;12000;64;0;10;0.0;0;0;16;5
STA_KA6;1;KA;30.9616;5.3132;18.4137;2.4;4;0;0;7;20;-82;99;10000.0;12000;64;0;10;0.0;0;0;16;5
STA_KA7;1;KA;95.6655;-33.3615;83.3527;2.4;4;0;0;7;20;-82;99;10000.0;12000;64;0;10;0.0;0;0;16;5
STA_KA8;1;KA;92.9744;27.5675;78.2592;2.4;4;0;0;7;20;-82;99;10000.0;12000;64;0;10;0.0;0;0;16;5
STA_KA9;1;KA;-33.5308;-40.6036;97.6559;2.4;4;0;0;7;20;-82;99;10000.0;12000;64;0;10;0.0;0;0;16;5
STA_KA10;1;KA;-17.4044;81.8654;32.5804;2.4;4;0;0;7;20;-82;99;10000.0;12000;64;0;10;0.0;0;0;16;5
